Perf1@gmail.com,Perf@1,Perf1,9000000001,QAR001
Perf2@gmail.com,Perf@2,Perf2,9000000002,QAR002
Perf3@gmail.com,Perf@3,Perf3,9000000003,QAR003
Perf4@gmail.com,Perf@4,Perf4,9000000004,QAR004
Perf5@gmail.com,Perf@5,Perf5,9000000005,QAR005
Perf6@gmail.com,Perf@6,Perf6,9000000006,QAR006
Perf7@gmail.com,Perf@7,Perf7,9000000007,QAR007
Perf8@gmail.com,Perf@8,Perf8,9000000008,QAR008
Perf9@gmail.com,Perf@9,Perf9,9000000009,QAR009
Perf10@gmail.com,Perf@10,Perf10,9000000010,QAR010
Perf11@gmail.com,Perf@11,Perf11,9000000011,QAR011
Perf12@gmail.com,Perf@12,Perf12,9000000012,QAR012
Perf13@gmail.com,Perf@13,Perf13,9000000013,QAR013
Perf14@gmail.com,Perf@14,Perf14,9000000014,QAR014
Perf15@gmail.com,Perf@15,Perf15,9000000015,QAR015
Perf16@gmail.com,Perf@16,Perf16,9000000016,QAR016
Perf17@gmail.com,Perf@17,Perf17,9000000017,QAR017
Perf18@gmail.com,Perf@18,Perf18,9000000018,QAR018
Perf19@gmail.com,Perf@19,Perf19,9000000019,QAR019
Perf20@gmail.com,Perf@20,Perf20,9000000020,QAR020
Perf21@gmail.com,Perf@21,Perf21,9000000021,QAR021
Perf22@gmail.com,Perf@22,Perf22,9000000022,QAR022
Perf23@gmail.com,Perf@23,Perf23,9000000023,QAR023
Perf24@gmail.com,Perf@24,Perf24,9000000024,QAR024
Perf25@gmail.com,Perf@25,Perf25,9000000025,QAR025
Perf26@gmail.com,Perf@26,Perf26,9000000026,QAR026
Perf27@gmail.com,Perf@27,Perf27,9000000027,QAR027
Perf28@gmail.com,Perf@28,Perf28,9000000028,QAR028
Perf29@gmail.com,Perf@29,Perf29,9000000029,QAR029
Perf30@gmail.com,Perf@30,Perf30,9000000030,QAR030
Perf31@gmail.com,Perf@31,Perf31,9000000031,QAR031
Perf32@gmail.com,Perf@32,Perf32,9000000032,QAR032
Perf33@gmail.com,Perf@33,Perf33,9000000033,QAR033
Perf34@gmail.com,Perf@34,Perf34,9000000034,QAR034
Perf35@gmail.com,Perf@35,Perf35,9000000035,QAR035
Perf36@gmail.com,Perf@36,Perf36,9000000036,QAR036
Perf37@gmail.com,Perf@37,Perf37,9000000037,QAR037
Perf38@gmail.com,Perf@38,Perf38,9000000038,QAR038
Perf39@gmail.com,Perf@39,Perf39,9000000039,QAR039
Perf40@gmail.com,Perf@40,Perf40,9000000040,QAR040
Perf41@gmail.com,Perf@41,Perf41,9000000041,QAR041
Perf42@gmail.com,Perf@42,Perf42,9000000042,QAR042
Perf43@gmail.com,Perf@43,Perf43,9000000043,QAR043
Perf44@gmail.com,Perf@44,Perf44,9000000044,QAR044
Perf45@gmail.com,Perf@45,Perf45,9000000045,QAR045
Perf46@gmail.com,Perf@46,Perf46,9000000046,QAR046
Perf47@gmail.com,Perf@47,Perf47,9000000047,QAR047
Perf48@gmail.com,Perf@48,Perf48,9000000048,QAR048
Perf49@gmail.com,Perf@49,Perf49,9000000049,QAR049
Perf50@gmail.com,Perf@50,Perf50,9000000050,QAR050
Perf51@gmail.com,Perf@51,Perf51,9000000051,QAR051
Perf52@gmail.com,Perf@52,Perf52,9000000052,QAR052
Perf53@gmail.com,Perf@53,Perf53,9000000053,QAR053
Perf54@gmail.com,Perf@54,Perf54,9000000054,QAR054
Perf55@gmail.com,Perf@55,Perf55,9000000055,QAR055
Perf56@gmail.com,Perf@56,Perf56,9000000056,QAR056
Perf57@gmail.com,Perf@57,Perf57,9000000057,QAR057
Perf58@gmail.com,Perf@58,Perf58,9000000058,QAR058
Perf59@gmail.com,Perf@59,Perf59,9000000059,QAR059
Perf60@gmail.com,Perf@60,Perf60,9000000060,QAR060
Perf61@gmail.com,Perf@61,Perf61,9000000061,QAR061
Perf62@gmail.com,Perf@62,Perf62,9000000062,QAR062
Perf63@gmail.com,Perf@63,Perf63,9000000063,QAR063
Perf64@gmail.com,Perf@64,Perf64,9000000064,QAR064
Perf65@gmail.com,Perf@65,Perf65,9000000065,QAR065
Perf66@gmail.com,Perf@66,Perf66,9000000066,QAR066
Perf67@gmail.com,Perf@67,Perf67,9000000067,QAR067
Perf68@gmail.com,Perf@68,Perf68,9000000068,QAR068
Perf69@gmail.com,Perf@69,Perf69,9000000069,QAR069
Perf70@gmail.com,Perf@70,Perf70,9000000070,QAR070
Perf71@gmail.com,Perf@71,Perf71,9000000071,QAR071
Perf72@gmail.com,Perf@72,Perf72,9000000072,QAR072
Perf73@gmail.com,Perf@73,Perf73,9000000073,QAR073
Perf74@gmail.com,Perf@74,Perf74,9000000074,QAR074
Perf75@gmail.com,Perf@75,Perf75,9000000075,QAR075
Perf76@gmail.com,Perf@76,Perf76,9000000076,QAR076
Perf77@gmail.com,Perf@77,Perf77,9000000077,QAR077
Perf78@gmail.com,Perf@78,Perf78,9000000078,QAR078
Perf79@gmail.com,Perf@79,Perf79,9000000079,QAR079
Perf80@gmail.com,Perf@80,Perf80,9000000080,QAR080
Perf81@gmail.com,Perf@81,Perf81,9000000081,QAR081
Perf82@gmail.com,Perf@82,Perf82,9000000082,QAR082
Perf83@gmail.com,Perf@83,Perf83,9000000083,QAR083
Perf84@gmail.com,Perf@84,Perf84,9000000084,QAR084
Perf85@gmail.com,Perf@85,Perf85,9000000085,QAR085
Perf86@gmail.com,Perf@86,Perf86,9000000086,QAR086
Perf87@gmail.com,Perf@87,Perf87,9000000087,QAR087
Perf88@gmail.com,Perf@88,Perf88,9000000088,QAR088
Perf89@gmail.com,Perf@89,Perf89,9000000089,QAR089
Perf90@gmail.com,Perf@90,Perf90,9000000090,QAR090
Perf91@gmail.com,Perf@91,Perf91,9000000091,QAR091
Perf92@gmail.com,Perf@92,Perf92,9000000092,QAR092
Perf93@gmail.com,Perf@93,Perf93,9000000093,QAR093
Perf94@gmail.com,Perf@94,Perf94,9000000094,QAR094
Perf95@gmail.com,Perf@95,Perf95,9000000095,QAR095
Perf96@gmail.com,Perf@96,Perf96,9000000096,QAR096
Perf97@gmail.com,Perf@97,Perf97,9000000097,QAR097
Perf98@gmail.com,Perf@98,Perf98,9000000098,QAR098
Perf99@gmail.com,Perf@99,Perf99,9000000099,QAR099
Perf100@gmail.com,Perf@100,Perf100,9000000100,QAR100
Perf101@gmail.com,Perf@101,Perf101,9000000101,QAR101
Perf102@gmail.com,Perf@102,Perf102,9000000102,QAR102
Perf103@gmail.com,Perf@103,Perf103,9000000103,QAR103
Perf104@gmail.com,Perf@104,Perf104,9000000104,QAR104
Perf105@gmail.com,Perf@105,Perf105,9000000105,QAR105
Perf106@gmail.com,Perf@106,Perf106,9000000106,QAR106
Perf107@gmail.com,Perf@107,Perf107,9000000107,QAR107
Perf108@gmail.com,Perf@108,Perf108,9000000108,QAR108
Perf109@gmail.com,Perf@109,Perf109,9000000109,QAR109
Perf110@gmail.com,Perf@110,Perf110,9000000110,QAR110
Perf111@gmail.com,Perf@111,Perf111,9000000111,QAR111
Perf112@gmail.com,Perf@112,Perf112,9000000112,QAR112
Perf113@gmail.com,Perf@113,Perf113,9000000113,QAR113
Perf114@gmail.com,Perf@114,Perf114,9000000114,QAR114
Perf115@gmail.com,Perf@115,Perf115,9000000115,QAR115
Perf116@gmail.com,Perf@116,Perf116,9000000116,QAR116
Perf117@gmail.com,Perf@117,Perf117,9000000117,QAR117
Perf118@gmail.com,Perf@118,Perf118,9000000118,QAR118
Perf119@gmail.com,Perf@119,Perf119,9000000119,QAR119
Perf120@gmail.com,Perf@120,Perf120,9000000120,QAR120
Perf121@gmail.com,Perf@121,Perf121,9000000121,QAR121
Perf122@gmail.com,Perf@122,Perf122,9000000122,QAR122
Perf123@gmail.com,Perf@123,Perf123,9000000123,QAR123
Perf124@gmail.com,Perf@124,Perf124,9000000124,QAR124
Perf125@gmail.com,Perf@125,Perf125,9000000125,QAR125
Perf126@gmail.com,Perf@126,Perf126,9000000126,QAR126
Perf127@gmail.com,Perf@127,Perf127,9000000127,QAR127
Perf128@gmail.com,Perf@128,Perf128,9000000128,QAR128
Perf129@gmail.com,Perf@129,Perf129,9000000129,QAR129
Perf130@gmail.com,Perf@130,Perf130,9000000130,QAR130
Perf131@gmail.com,Perf@131,Perf131,9000000131,QAR131
Perf132@gmail.com,Perf@132,Perf132,9000000132,QAR132
Perf133@gmail.com,Perf@133,Perf133,9000000133,QAR133
Perf134@gmail.com,Perf@134,Perf134,9000000134,QAR134
Perf135@gmail.com,Perf@135,Perf135,9000000135,QAR135
Perf136@gmail.com,Perf@136,Perf136,9000000136,QAR136
Perf137@gmail.com,Perf@137,Perf137,9000000137,QAR137
Perf138@gmail.com,Perf@138,Perf138,9000000138,QAR138
Perf139@gmail.com,Perf@139,Perf139,9000000139,QAR139
Perf140@gmail.com,Perf@140,Perf140,9000000140,QAR140
Perf141@gmail.com,Perf@141,Perf141,9000000141,QAR141
Perf142@gmail.com,Perf@142,Perf142,9000000142,QAR142
Perf143@gmail.com,Perf@143,Perf143,9000000143,QAR143
Perf144@gmail.com,Perf@144,Perf144,9000000144,QAR144
Perf145@gmail.com,Perf@145,Perf145,9000000145,QAR145
Perf146@gmail.com,Perf@146,Perf146,9000000146,QAR146
Perf147@gmail.com,Perf@147,Perf147,9000000147,QAR147
Perf148@gmail.com,Perf@148,Perf148,9000000148,QAR148
Perf149@gmail.com,Perf@149,Perf149,9000000149,QAR149
Perf150@gmail.com,Perf@150,Perf150,9000000150,QAR150
Perf151@gmail.com,Perf@151,Perf151,9000000151,QAR151
Perf152@gmail.com,Perf@152,Perf152,9000000152,QAR152
Perf153@gmail.com,Perf@153,Perf153,9000000153,QAR153
Perf154@gmail.com,Perf@154,Perf154,9000000154,QAR154
Perf155@gmail.com,Perf@155,Perf155,9000000155,QAR155
Perf156@gmail.com,Perf@156,Perf156,9000000156,QAR156
Perf157@gmail.com,Perf@157,Perf157,9000000157,QAR157
Perf158@gmail.com,Perf@158,Perf158,9000000158,QAR158
Perf159@gmail.com,Perf@159,Perf159,9000000159,QAR159
Perf160@gmail.com,Perf@160,Perf160,9000000160,QAR160
Perf161@gmail.com,Perf@161,Perf161,9000000161,QAR161
Perf162@gmail.com,Perf@162,Perf162,9000000162,QAR162
Perf163@gmail.com,Perf@163,Perf163,9000000163,QAR163
Perf164@gmail.com,Perf@164,Perf164,9000000164,QAR164
Perf165@gmail.com,Perf@165,Perf165,9000000165,QAR165
Perf166@gmail.com,Perf@166,Perf166,9000000166,QAR166
Perf167@gmail.com,Perf@167,Perf167,9000000167,QAR167
Perf168@gmail.com,Perf@168,Perf168,9000000168,QAR168
Perf169@gmail.com,Perf@169,Perf169,9000000169,QAR169
Perf170@gmail.com,Perf@170,Perf170,9000000170,QAR170
Perf171@gmail.com,Perf@171,Perf171,9000000171,QAR171
Perf172@gmail.com,Perf@172,Perf172,9000000172,QAR172
Perf173@gmail.com,Perf@173,Perf173,9000000173,QAR173
Perf174@gmail.com,Perf@174,Perf174,9000000174,QAR174
Perf175@gmail.com,Perf@175,Perf175,9000000175,QAR175
Perf176@gmail.com,Perf@176,Perf176,9000000176,QAR176
Perf177@gmail.com,Perf@177,Perf177,9000000177,QAR177
Perf178@gmail.com,Perf@178,Perf178,9000000178,QAR178
Perf179@gmail.com,Perf@179,Perf179,9000000179,QAR179
Perf180@gmail.com,Perf@180,Perf180,9000000180,QAR180
Perf181@gmail.com,Perf@181,Perf181,9000000181,QAR181
Perf182@gmail.com,Perf@182,Perf182,9000000182,QAR182
Perf183@gmail.com,Perf@183,Perf183,9000000183,QAR183
Perf184@gmail.com,Perf@184,Perf184,9000000184,QAR184
Perf185@gmail.com,Perf@185,Perf185,9000000185,QAR185
Perf186@gmail.com,Perf@186,Perf186,9000000186,QAR186
Perf187@gmail.com,Perf@187,Perf187,9000000187,QAR187
Perf188@gmail.com,Perf@188,Perf188,9000000188,QAR188
Perf189@gmail.com,Perf@189,Perf189,9000000189,QAR189
Perf190@gmail.com,Perf@190,Perf190,9000000190,QAR190
Perf191@gmail.com,Perf@191,Perf191,9000000191,QAR191
Perf192@gmail.com,Perf@192,Perf192,9000000192,QAR192
Perf193@gmail.com,Perf@193,Perf193,9000000193,QAR193
Perf194@gmail.com,Perf@194,Perf194,9000000194,QAR194
Perf195@gmail.com,Perf@195,Perf195,9000000195,QAR195
Perf196@gmail.com,Perf@196,Perf196,9000000196,QAR196
Perf197@gmail.com,Perf@197,Perf197,9000000197,QAR197
Perf198@gmail.com,Perf@198,Perf198,9000000198,QAR198
Perf199@gmail.com,Perf@199,Perf199,9000000199,QAR199
Perf200@gmail.com,Perf@200,Perf200,9000000200,QAR200
Perf201@gmail.com,Perf@201,Perf201,9000000201,QAR201
Perf202@gmail.com,Perf@202,Perf202,9000000202,QAR202
Perf203@gmail.com,Perf@203,Perf203,9000000203,QAR203
Perf204@gmail.com,Perf@204,Perf204,9000000204,QAR204
Perf205@gmail.com,Perf@205,Perf205,9000000205,QAR205
Perf206@gmail.com,Perf@206,Perf206,9000000206,QAR206
Perf207@gmail.com,Perf@207,Perf207,9000000207,QAR207
Perf208@gmail.com,Perf@208,Perf208,9000000208,QAR208
Perf209@gmail.com,Perf@209,Perf209,9000000209,QAR209
Perf210@gmail.com,Perf@210,Perf210,9000000210,QAR210
Perf211@gmail.com,Perf@211,Perf211,9000000211,QAR211
Perf212@gmail.com,Perf@212,Perf212,9000000212,QAR212
Perf213@gmail.com,Perf@213,Perf213,9000000213,QAR213
Perf214@gmail.com,Perf@214,Perf214,9000000214,QAR214
Perf215@gmail.com,Perf@215,Perf215,9000000215,QAR215
Perf216@gmail.com,Perf@216,Perf216,9000000216,QAR216
Perf217@gmail.com,Perf@217,Perf217,9000000217,QAR217
Perf218@gmail.com,Perf@218,Perf218,9000000218,QAR218
Perf219@gmail.com,Perf@219,Perf219,9000000219,QAR219
Perf220@gmail.com,Perf@220,Perf220,9000000220,QAR220
Perf221@gmail.com,Perf@221,Perf221,9000000221,QAR221
Perf222@gmail.com,Perf@222,Perf222,9000000222,QAR222
Perf223@gmail.com,Perf@223,Perf223,9000000223,QAR223
Perf224@gmail.com,Perf@224,Perf224,9000000224,QAR224
Perf225@gmail.com,Perf@225,Perf225,9000000225,QAR225
Perf226@gmail.com,Perf@226,Perf226,9000000226,QAR226
Perf227@gmail.com,Perf@227,Perf227,9000000227,QAR227
Perf228@gmail.com,Perf@228,Perf228,9000000228,QAR228
Perf229@gmail.com,Perf@229,Perf229,9000000229,QAR229
Perf230@gmail.com,Perf@230,Perf230,9000000230,QAR230
Perf231@gmail.com,Perf@231,Perf231,9000000231,QAR231
Perf232@gmail.com,Perf@232,Perf232,9000000232,QAR232
Perf233@gmail.com,Perf@233,Perf233,9000000233,QAR233
Perf234@gmail.com,Perf@234,Perf234,9000000234,QAR234
Perf235@gmail.com,Perf@235,Perf235,9000000235,QAR235
Perf236@gmail.com,Perf@236,Perf236,9000000236,QAR236
Perf237@gmail.com,Perf@237,Perf237,9000000237,QAR237
Perf238@gmail.com,Perf@238,Perf238,9000000238,QAR238
Perf239@gmail.com,Perf@239,Perf239,9000000239,QAR239
Perf240@gmail.com,Perf@240,Perf240,9000000240,QAR240
Perf241@gmail.com,Perf@241,Perf241,9000000241,QAR241
Perf242@gmail.com,Perf@242,Perf242,9000000242,QAR242
Perf243@gmail.com,Perf@243,Perf243,9000000243,QAR243
Perf244@gmail.com,Perf@244,Perf244,9000000244,QAR244
Perf245@gmail.com,Perf@245,Perf245,9000000245,QAR245
Perf246@gmail.com,Perf@246,Perf246,9000000246,QAR246
Perf247@gmail.com,Perf@247,Perf247,9000000247,QAR247
Perf248@gmail.com,Perf@248,Perf248,9000000248,QAR248
Perf249@gmail.com,Perf@249,Perf249,9000000249,QAR249
Perf250@gmail.com,Perf@250,Perf250,9000000250,QAR250
Perf251@gmail.com,Perf@251,Perf251,9000000251,QAR251
Perf252@gmail.com,Perf@252,Perf252,9000000252,QAR252
Perf253@gmail.com,Perf@253,Perf253,9000000253,QAR253
Perf254@gmail.com,Perf@254,Perf254,9000000254,QAR254
Perf255@gmail.com,Perf@255,Perf255,9000000255,QAR255
Perf256@gmail.com,Perf@256,Perf256,9000000256,QAR256
Perf257@gmail.com,Perf@257,Perf257,9000000257,QAR257
Perf258@gmail.com,Perf@258,Perf258,9000000258,QAR258
Perf259@gmail.com,Perf@259,Perf259,9000000259,QAR259
Perf260@gmail.com,Perf@260,Perf260,9000000260,QAR260
Perf261@gmail.com,Perf@261,Perf261,9000000261,QAR261
Perf262@gmail.com,Perf@262,Perf262,9000000262,QAR262
Perf263@gmail.com,Perf@263,Perf263,9000000263,QAR263
Perf264@gmail.com,Perf@264,Perf264,9000000264,QAR264
Perf265@gmail.com,Perf@265,Perf265,9000000265,QAR265
Perf266@gmail.com,Perf@266,Perf266,9000000266,QAR266
Perf267@gmail.com,Perf@267,Perf267,9000000267,QAR267
Perf268@gmail.com,Perf@268,Perf268,9000000268,QAR268
Perf269@gmail.com,Perf@269,Perf269,9000000269,QAR269
Perf270@gmail.com,Perf@270,Perf270,9000000270,QAR270
Perf271@gmail.com,Perf@271,Perf271,9000000271,QAR271
Perf272@gmail.com,Perf@272,Perf272,9000000272,QAR272
Perf273@gmail.com,Perf@273,Perf273,9000000273,QAR273
Perf274@gmail.com,Perf@274,Perf274,9000000274,QAR274
Perf275@gmail.com,Perf@275,Perf275,9000000275,QAR275
Perf276@gmail.com,Perf@276,Perf276,9000000276,QAR276
Perf277@gmail.com,Perf@277,Perf277,9000000277,QAR277
Perf278@gmail.com,Perf@278,Perf278,9000000278,QAR278
Perf279@gmail.com,Perf@279,Perf279,9000000279,QAR279
Perf280@gmail.com,Perf@280,Perf280,9000000280,QAR280
Perf281@gmail.com,Perf@281,Perf281,9000000281,QAR281
Perf282@gmail.com,Perf@282,Perf282,9000000282,QAR282
Perf283@gmail.com,Perf@283,Perf283,9000000283,QAR283
Perf284@gmail.com,Perf@284,Perf284,9000000284,QAR284
Perf285@gmail.com,Perf@285,Perf285,9000000285,QAR285
Perf286@gmail.com,Perf@286,Perf286,9000000286,QAR286
Perf287@gmail.com,Perf@287,Perf287,9000000287,QAR287
Perf288@gmail.com,Perf@288,Perf288,9000000288,QAR288
Perf289@gmail.com,Perf@289,Perf289,9000000289,QAR289
Perf290@gmail.com,Perf@290,Perf290,9000000290,QAR290
Perf291@gmail.com,Perf@291,Perf291,9000000291,QAR291
Perf292@gmail.com,Perf@292,Perf292,9000000292,QAR292
Perf293@gmail.com,Perf@293,Perf293,9000000293,QAR293
Perf294@gmail.com,Perf@294,Perf294,9000000294,QAR294
Perf295@gmail.com,Perf@295,Perf295,9000000295,QAR295
Perf296@gmail.com,Perf@296,Perf296,9000000296,QAR296
Perf297@gmail.com,Perf@297,Perf297,9000000297,QAR297
Perf298@gmail.com,Perf@298,Perf298,9000000298,QAR298
Perf299@gmail.com,Perf@299,Perf299,9000000299,QAR299
Perf300@gmail.com,Perf@300,Perf300,9000000300,QAR300
Perf301@gmail.com,Perf@301,Perf301,9000000301,QAR301
Perf302@gmail.com,Perf@302,Perf302,9000000302,QAR302
Perf303@gmail.com,Perf@303,Perf303,9000000303,QAR303
Perf304@gmail.com,Perf@304,Perf304,9000000304,QAR304
Perf305@gmail.com,Perf@305,Perf305,9000000305,QAR305
Perf306@gmail.com,Perf@306,Perf306,9000000306,QAR306
Perf307@gmail.com,Perf@307,Perf307,9000000307,QAR307
Perf308@gmail.com,Perf@308,Perf308,9000000308,QAR308
Perf309@gmail.com,Perf@309,Perf309,9000000309,QAR309
Perf310@gmail.com,Perf@310,Perf310,9000000310,QAR310
Perf311@gmail.com,Perf@311,Perf311,9000000311,QAR311
Perf312@gmail.com,Perf@312,Perf312,9000000312,QAR312
Perf313@gmail.com,Perf@313,Perf313,9000000313,QAR313
Perf314@gmail.com,Perf@314,Perf314,9000000314,QAR314
Perf315@gmail.com,Perf@315,Perf315,9000000315,QAR315
Perf316@gmail.com,Perf@316,Perf316,9000000316,QAR316
Perf317@gmail.com,Perf@317,Perf317,9000000317,QAR317
Perf318@gmail.com,Perf@318,Perf318,9000000318,QAR318
Perf319@gmail.com,Perf@319,Perf319,9000000319,QAR319
Perf320@gmail.com,Perf@320,Perf320,9000000320,QAR320
Perf321@gmail.com,Perf@321,Perf321,9000000321,QAR321
Perf322@gmail.com,Perf@322,Perf322,9000000322,QAR322
Perf323@gmail.com,Perf@323,Perf323,9000000323,QAR323
Perf324@gmail.com,Perf@324,Perf324,9000000324,QAR324
Perf325@gmail.com,Perf@325,Perf325,9000000325,QAR325
Perf326@gmail.com,Perf@326,Perf326,9000000326,QAR326
Perf327@gmail.com,Perf@327,Perf327,9000000327,QAR327
Perf328@gmail.com,Perf@328,Perf328,9000000328,QAR328
Perf329@gmail.com,Perf@329,Perf329,9000000329,QAR329
Perf330@gmail.com,Perf@330,Perf330,9000000330,QAR330
Perf331@gmail.com,Perf@331,Perf331,9000000331,QAR331
Perf332@gmail.com,Perf@332,Perf332,9000000332,QAR332
Perf333@gmail.com,Perf@333,Perf333,9000000333,QAR333
Perf334@gmail.com,Perf@334,Perf334,9000000334,QAR334
Perf335@gmail.com,Perf@335,Perf335,9000000335,QAR335
Perf336@gmail.com,Perf@336,Perf336,9000000336,QAR336
Perf337@gmail.com,Perf@337,Perf337,9000000337,QAR337
Perf338@gmail.com,Perf@338,Perf338,9000000338,QAR338
Perf339@gmail.com,Perf@339,Perf339,9000000339,QAR339
Perf340@gmail.com,Perf@340,Perf340,9000000340,QAR340
Perf341@gmail.com,Perf@341,Perf341,9000000341,QAR341
Perf342@gmail.com,Perf@342,Perf342,9000000342,QAR342
Perf343@gmail.com,Perf@343,Perf343,9000000343,QAR343
Perf344@gmail.com,Perf@344,Perf344,9000000344,QAR344
Perf345@gmail.com,Perf@345,Perf345,9000000345,QAR345
Perf346@gmail.com,Perf@346,Perf346,9000000346,QAR346
Perf347@gmail.com,Perf@347,Perf347,9000000347,QAR347
Perf348@gmail.com,Perf@348,Perf348,9000000348,QAR348
Perf349@gmail.com,Perf@349,Perf349,9000000349,QAR349
Perf350@gmail.com,Perf@350,Perf350,9000000350,QAR350
Perf351@gmail.com,Perf@351,Perf351,9000000351,QAR351
Perf352@gmail.com,Perf@352,Perf352,9000000352,QAR352
Perf353@gmail.com,Perf@353,Perf353,9000000353,QAR353
Perf354@gmail.com,Perf@354,Perf354,9000000354,QAR354
Perf355@gmail.com,Perf@355,Perf355,9000000355,QAR355
Perf356@gmail.com,Perf@356,Perf356,9000000356,QAR356
Perf357@gmail.com,Perf@357,Perf357,9000000357,QAR357
Perf358@gmail.com,Perf@358,Perf358,9000000358,QAR358
Perf359@gmail.com,Perf@359,Perf359,9000000359,QAR359
Perf360@gmail.com,Perf@360,Perf360,9000000360,QAR360
Perf361@gmail.com,Perf@361,Perf361,9000000361,QAR361
Perf362@gmail.com,Perf@362,Perf362,9000000362,QAR362
Perf363@gmail.com,Perf@363,Perf363,9000000363,QAR363
Perf364@gmail.com,Perf@364,Perf364,9000000364,QAR364
Perf365@gmail.com,Perf@365,Perf365,9000000365,QAR365
Perf366@gmail.com,Perf@366,Perf366,9000000366,QAR366
Perf367@gmail.com,Perf@367,Perf367,9000000367,QAR367
Perf368@gmail.com,Perf@368,Perf368,9000000368,QAR368
Perf369@gmail.com,Perf@369,Perf369,9000000369,QAR369
Perf370@gmail.com,Perf@370,Perf370,9000000370,QAR370
Perf371@gmail.com,Perf@371,Perf371,9000000371,QAR371
Perf372@gmail.com,Perf@372,Perf372,9000000372,QAR372
Perf373@gmail.com,Perf@373,Perf373,9000000373,QAR373
Perf374@gmail.com,Perf@374,Perf374,9000000374,QAR374
Perf375@gmail.com,Perf@375,Perf375,9000000375,QAR375
Perf376@gmail.com,Perf@376,Perf376,9000000376,QAR376
Perf377@gmail.com,Perf@377,Perf377,9000000377,QAR377
Perf378@gmail.com,Perf@378,Perf378,9000000378,QAR378
Perf379@gmail.com,Perf@379,Perf379,9000000379,QAR379
Perf380@gmail.com,Perf@380,Perf380,9000000380,QAR380
Perf381@gmail.com,Perf@381,Perf381,9000000381,QAR381
Perf382@gmail.com,Perf@382,Perf382,9000000382,QAR382
Perf383@gmail.com,Perf@383,Perf383,9000000383,QAR383
Perf384@gmail.com,Perf@384,Perf384,9000000384,QAR384
Perf385@gmail.com,Perf@385,Perf385,9000000385,QAR385
Perf386@gmail.com,Perf@386,Perf386,9000000386,QAR386
Perf387@gmail.com,Perf@387,Perf387,9000000387,QAR387
Perf388@gmail.com,Perf@388,Perf388,9000000388,QAR388
Perf389@gmail.com,Perf@389,Perf389,9000000389,QAR389
Perf390@gmail.com,Perf@390,Perf390,9000000390,QAR390
Perf391@gmail.com,Perf@391,Perf391,9000000391,QAR391
Perf392@gmail.com,Perf@392,Perf392,9000000392,QAR392
Perf393@gmail.com,Perf@393,Perf393,9000000393,QAR393
Perf394@gmail.com,Perf@394,Perf394,9000000394,QAR394
Perf395@gmail.com,Perf@395,Perf395,9000000395,QAR395
Perf396@gmail.com,Perf@396,Perf396,9000000396,QAR396
Perf397@gmail.com,Perf@397,Perf397,9000000397,QAR397
Perf398@gmail.com,Perf@398,Perf398,9000000398,QAR398
Perf399@gmail.com,Perf@399,Perf399,9000000399,QAR399
Perf400@gmail.com,Perf@400,Perf400,9000000400,QAR400
Perf401@gmail.com,Perf@401,Perf401,9000000401,QAR401
Perf402@gmail.com,Perf@402,Perf402,9000000402,QAR402
Perf403@gmail.com,Perf@403,Perf403,9000000403,QAR403
Perf404@gmail.com,Perf@404,Perf404,9000000404,QAR404
Perf405@gmail.com,Perf@405,Perf405,9000000405,QAR405
Perf406@gmail.com,Perf@406,Perf406,9000000406,QAR406
Perf407@gmail.com,Perf@407,Perf407,9000000407,QAR407
Perf408@gmail.com,Perf@408,Perf408,9000000408,QAR408
Perf409@gmail.com,Perf@409,Perf409,9000000409,QAR409
Perf410@gmail.com,Perf@410,Perf410,9000000410,QAR410
Perf411@gmail.com,Perf@411,Perf411,9000000411,QAR411
Perf412@gmail.com,Perf@412,Perf412,9000000412,QAR412
Perf413@gmail.com,Perf@413,Perf413,9000000413,QAR413
Perf414@gmail.com,Perf@414,Perf414,9000000414,QAR414
Perf415@gmail.com,Perf@415,Perf415,9000000415,QAR415
Perf416@gmail.com,Perf@416,Perf416,9000000416,QAR416
Perf417@gmail.com,Perf@417,Perf417,9000000417,QAR417
Perf418@gmail.com,Perf@418,Perf418,9000000418,QAR418
Perf419@gmail.com,Perf@419,Perf419,9000000419,QAR419
Perf420@gmail.com,Perf@420,Perf420,9000000420,QAR420
Perf421@gmail.com,Perf@421,Perf421,9000000421,QAR421
Perf422@gmail.com,Perf@422,Perf422,9000000422,QAR422
Perf423@gmail.com,Perf@423,Perf423,9000000423,QAR423
Perf424@gmail.com,Perf@424,Perf424,9000000424,QAR424
Perf425@gmail.com,Perf@425,Perf425,9000000425,QAR425
Perf426@gmail.com,Perf@426,Perf426,9000000426,QAR426
Perf427@gmail.com,Perf@427,Perf427,9000000427,QAR427
Perf428@gmail.com,Perf@428,Perf428,9000000428,QAR428
Perf429@gmail.com,Perf@429,Perf429,9000000429,QAR429
Perf430@gmail.com,Perf@430,Perf430,9000000430,QAR430
Perf431@gmail.com,Perf@431,Perf431,9000000431,QAR431
Perf432@gmail.com,Perf@432,Perf432,9000000432,QAR432
Perf433@gmail.com,Perf@433,Perf433,9000000433,QAR433
Perf434@gmail.com,Perf@434,Perf434,9000000434,QAR434
Perf435@gmail.com,Perf@435,Perf435,9000000435,QAR435
Perf436@gmail.com,Perf@436,Perf436,9000000436,QAR436
Perf437@gmail.com,Perf@437,Perf437,9000000437,QAR437
Perf438@gmail.com,Perf@438,Perf438,9000000438,QAR438
Perf439@gmail.com,Perf@439,Perf439,9000000439,QAR439
Perf440@gmail.com,Perf@440,Perf440,9000000440,QAR440
Perf441@gmail.com,Perf@441,Perf441,9000000441,QAR441
Perf442@gmail.com,Perf@442,Perf442,9000000442,QAR442
Perf443@gmail.com,Perf@443,Perf443,9000000443,QAR443
Perf444@gmail.com,Perf@444,Perf444,9000000444,QAR444
Perf445@gmail.com,Perf@445,Perf445,9000000445,QAR445
Perf446@gmail.com,Perf@446,Perf446,9000000446,QAR446
Perf447@gmail.com,Perf@447,Perf447,9000000447,QAR447
Perf448@gmail.com,Perf@448,Perf448,9000000448,QAR448
Perf449@gmail.com,Perf@449,Perf449,9000000449,QAR449
Perf450@gmail.com,Perf@450,Perf450,9000000450,QAR450
Perf451@gmail.com,Perf@451,Perf451,9000000451,QAR451
Perf452@gmail.com,Perf@452,Perf452,9000000452,QAR452
Perf453@gmail.com,Perf@453,Perf453,9000000453,QAR453
Perf454@gmail.com,Perf@454,Perf454,9000000454,QAR454
Perf455@gmail.com,Perf@455,Perf455,9000000455,QAR455
Perf456@gmail.com,Perf@456,Perf456,9000000456,QAR456
Perf457@gmail.com,Perf@457,Perf457,9000000457,QAR457
Perf458@gmail.com,Perf@458,Perf458,9000000458,QAR458
Perf459@gmail.com,Perf@459,Perf459,9000000459,QAR459
Perf460@gmail.com,Perf@460,Perf460,9000000460,QAR460
Perf461@gmail.com,Perf@461,Perf461,9000000461,QAR461
Perf462@gmail.com,Perf@462,Perf462,9000000462,QAR462
Perf463@gmail.com,Perf@463,Perf463,9000000463,QAR463
Perf464@gmail.com,Perf@464,Perf464,9000000464,QAR464
Perf465@gmail.com,Perf@465,Perf465,9000000465,QAR465
Perf466@gmail.com,Perf@466,Perf466,9000000466,QAR466
Perf467@gmail.com,Perf@467,Perf467,9000000467,QAR467
Perf468@gmail.com,Perf@468,Perf468,9000000468,QAR468
Perf469@gmail.com,Perf@469,Perf469,9000000469,QAR469
Perf470@gmail.com,Perf@470,Perf470,9000000470,QAR470
Perf471@gmail.com,Perf@471,Perf471,9000000471,QAR471
Perf472@gmail.com,Perf@472,Perf472,9000000472,QAR472
Perf473@gmail.com,Perf@473,Perf473,9000000473,QAR473
Perf474@gmail.com,Perf@474,Perf474,9000000474,QAR474
Perf475@gmail.com,Perf@475,Perf475,9000000475,QAR475
Perf476@gmail.com,Perf@476,Perf476,9000000476,QAR476
Perf477@gmail.com,Perf@477,Perf477,9000000477,QAR477
Perf478@gmail.com,Perf@478,Perf478,9000000478,QAR478
Perf479@gmail.com,Perf@479,Perf479,9000000479,QAR479
Perf480@gmail.com,Perf@480,Perf480,9000000480,QAR480
Perf481@gmail.com,Perf@481,Perf481,9000000481,QAR481
Perf482@gmail.com,Perf@482,Perf482,9000000482,QAR482
Perf483@gmail.com,Perf@483,Perf483,9000000483,QAR483
Perf484@gmail.com,Perf@484,Perf484,9000000484,QAR484
Perf485@gmail.com,Perf@485,Perf485,9000000485,QAR485
Perf486@gmail.com,Perf@486,Perf486,9000000486,QAR486
Perf487@gmail.com,Perf@487,Perf487,9000000487,QAR487
Perf488@gmail.com,Perf@488,Perf488,9000000488,QAR488
Perf489@gmail.com,Perf@489,Perf489,9000000489,QAR489
Perf490@gmail.com,Perf@490,Perf490,9000000490,QAR490
Perf491@gmail.com,Perf@491,Perf491,9000000491,QAR491
Perf492@gmail.com,Perf@492,Perf492,9000000492,QAR492
Perf493@gmail.com,Perf@493,Perf493,9000000493,QAR493
Perf494@gmail.com,Perf@494,Perf494,9000000494,QAR494
Perf495@gmail.com,Perf@495,Perf495,9000000495,QAR495
Perf496@gmail.com,Perf@496,Perf496,9000000496,QAR496
Perf497@gmail.com,Perf@497,Perf497,9000000497,QAR497
Perf498@gmail.com,Perf@498,Perf498,9000000498,QAR498
Perf499@gmail.com,Perf@499,Perf499,9000000499,QAR499
Perf500@gmail.com,Perf@500,Perf500,9000000500,QAR500
Perf501@gmail.com,Perf@501,Perf501,9000000501,QAR501
Perf502@gmail.com,Perf@502,Perf502,9000000502,QAR502
Perf503@gmail.com,Perf@503,Perf503,9000000503,QAR503
Perf504@gmail.com,Perf@504,Perf504,9000000504,QAR504
Perf505@gmail.com,Perf@505,Perf505,9000000505,QAR505
Perf506@gmail.com,Perf@506,Perf506,9000000506,QAR506
Perf507@gmail.com,Perf@507,Perf507,9000000507,QAR507
Perf508@gmail.com,Perf@508,Perf508,9000000508,QAR508
Perf509@gmail.com,Perf@509,Perf509,9000000509,QAR509
Perf510@gmail.com,Perf@510,Perf510,9000000510,QAR510
Perf511@gmail.com,Perf@511,Perf511,9000000511,QAR511
Perf512@gmail.com,Perf@512,Perf512,9000000512,QAR512
Perf513@gmail.com,Perf@513,Perf513,9000000513,QAR513
Perf514@gmail.com,Perf@514,Perf514,9000000514,QAR514
Perf515@gmail.com,Perf@515,Perf515,9000000515,QAR515
Perf516@gmail.com,Perf@516,Perf516,9000000516,QAR516
Perf517@gmail.com,Perf@517,Perf517,9000000517,QAR517
Perf518@gmail.com,Perf@518,Perf518,9000000518,QAR518
Perf519@gmail.com,Perf@519,Perf519,9000000519,QAR519
Perf520@gmail.com,Perf@520,Perf520,9000000520,QAR520
Perf521@gmail.com,Perf@521,Perf521,9000000521,QAR521
Perf522@gmail.com,Perf@522,Perf522,9000000522,QAR522
Perf523@gmail.com,Perf@523,Perf523,9000000523,QAR523
Perf524@gmail.com,Perf@524,Perf524,9000000524,QAR524
Perf525@gmail.com,Perf@525,Perf525,9000000525,QAR525
Perf526@gmail.com,Perf@526,Perf526,9000000526,QAR526
Perf527@gmail.com,Perf@527,Perf527,9000000527,QAR527
Perf528@gmail.com,Perf@528,Perf528,9000000528,QAR528
Perf529@gmail.com,Perf@529,Perf529,9000000529,QAR529
Perf530@gmail.com,Perf@530,Perf530,9000000530,QAR530
Perf531@gmail.com,Perf@531,Perf531,9000000531,QAR531
Perf532@gmail.com,Perf@532,Perf532,9000000532,QAR532
Perf533@gmail.com,Perf@533,Perf533,9000000533,QAR533
Perf534@gmail.com,Perf@534,Perf534,9000000534,QAR534
Perf535@gmail.com,Perf@535,Perf535,9000000535,QAR535
Perf536@gmail.com,Perf@536,Perf536,9000000536,QAR536
Perf537@gmail.com,Perf@537,Perf537,9000000537,QAR537
Perf538@gmail.com,Perf@538,Perf538,9000000538,QAR538
Perf539@gmail.com,Perf@539,Perf539,9000000539,QAR539
Perf540@gmail.com,Perf@540,Perf540,9000000540,QAR540
Perf541@gmail.com,Perf@541,Perf541,9000000541,QAR541
Perf542@gmail.com,Perf@542,Perf542,9000000542,QAR542
Perf543@gmail.com,Perf@543,Perf543,9000000543,QAR543
Perf544@gmail.com,Perf@544,Perf544,9000000544,QAR544
Perf545@gmail.com,Perf@545,Perf545,9000000545,QAR545
Perf546@gmail.com,Perf@546,Perf546,9000000546,QAR546
Perf547@gmail.com,Perf@547,Perf547,9000000547,QAR547
Perf548@gmail.com,Perf@548,Perf548,9000000548,QAR548
Perf549@gmail.com,Perf@549,Perf549,9000000549,QAR549
Perf550@gmail.com,Perf@550,Perf550,9000000550,QAR550
Perf551@gmail.com,Perf@551,Perf551,9000000551,QAR551
Perf552@gmail.com,Perf@552,Perf552,9000000552,QAR552
Perf553@gmail.com,Perf@553,Perf553,9000000553,QAR553
Perf554@gmail.com,Perf@554,Perf554,9000000554,QAR554
Perf555@gmail.com,Perf@555,Perf555,9000000555,QAR555
Perf556@gmail.com,Perf@556,Perf556,9000000556,QAR556
Perf557@gmail.com,Perf@557,Perf557,9000000557,QAR557
Perf558@gmail.com,Perf@558,Perf558,9000000558,QAR558
Perf559@gmail.com,Perf@559,Perf559,9000000559,QAR559
Perf560@gmail.com,Perf@560,Perf560,9000000560,QAR560
Perf561@gmail.com,Perf@561,Perf561,9000000561,QAR561
Perf562@gmail.com,Perf@562,Perf562,9000000562,QAR562
Perf563@gmail.com,Perf@563,Perf563,9000000563,QAR563
Perf564@gmail.com,Perf@564,Perf564,9000000564,QAR564
Perf565@gmail.com,Perf@565,Perf565,9000000565,QAR565
Perf566@gmail.com,Perf@566,Perf566,9000000566,QAR566
Perf567@gmail.com,Perf@567,Perf567,9000000567,QAR567
Perf568@gmail.com,Perf@568,Perf568,9000000568,QAR568
Perf569@gmail.com,Perf@569,Perf569,9000000569,QAR569
Perf570@gmail.com,Perf@570,Perf570,9000000570,QAR570
Perf571@gmail.com,Perf@571,Perf571,9000000571,QAR571
Perf572@gmail.com,Perf@572,Perf572,9000000572,QAR572
Perf573@gmail.com,Perf@573,Perf573,9000000573,QAR573
Perf574@gmail.com,Perf@574,Perf574,9000000574,QAR574
Perf575@gmail.com,Perf@575,Perf575,9000000575,QAR575
Perf576@gmail.com,Perf@576,Perf576,9000000576,QAR576
Perf577@gmail.com,Perf@577,Perf577,9000000577,QAR577
Perf578@gmail.com,Perf@578,Perf578,9000000578,QAR578
Perf579@gmail.com,Perf@579,Perf579,9000000579,QAR579
Perf580@gmail.com,Perf@580,Perf580,9000000580,QAR580
Perf581@gmail.com,Perf@581,Perf581,9000000581,QAR581
Perf582@gmail.com,Perf@582,Perf582,9000000582,QAR582
Perf583@gmail.com,Perf@583,Perf583,9000000583,QAR583
Perf584@gmail.com,Perf@584,Perf584,9000000584,QAR584
Perf585@gmail.com,Perf@585,Perf585,9000000585,QAR585
Perf586@gmail.com,Perf@586,Perf586,9000000586,QAR586
Perf587@gmail.com,Perf@587,Perf587,9000000587,QAR587
Perf588@gmail.com,Perf@588,Perf588,9000000588,QAR588
Perf589@gmail.com,Perf@589,Perf589,9000000589,QAR589
Perf590@gmail.com,Perf@590,Perf590,9000000590,QAR590
Perf591@gmail.com,Perf@591,Perf591,9000000591,QAR591
Perf592@gmail.com,Perf@592,Perf592,9000000592,QAR592
Perf593@gmail.com,Perf@593,Perf593,9000000593,QAR593
Perf594@gmail.com,Perf@594,Perf594,9000000594,QAR594
Perf595@gmail.com,Perf@595,Perf595,9000000595,QAR595
Perf596@gmail.com,Perf@596,Perf596,9000000596,QAR596
Perf597@gmail.com,Perf@597,Perf597,9000000597,QAR597
Perf598@gmail.com,Perf@598,Perf598,9000000598,QAR598
Perf599@gmail.com,Perf@599,Perf599,9000000599,QAR599
Perf600@gmail.com,Perf@600,Perf600,9000000600,QAR600
